Under Door Dust Stopper Draft 36 Inches Twin Guard & Bottom Air Noise Cooling Sealer,Decor,299,38,257,0,257
Ceiling Fan Blades Cover - GREY PACK OFF( 1 TO 5),Decor,230,149,266,4.7,266
1~5 Self Adhesive Rubber Door Buffer Wall Protectors Door Handle Bumpers For Door Stopper Doorstop Golf Styling Rubber Fender Handle Door Lock Protective Pad Protection Home Wall Stickers Silicon Door Handle Stopper,Decor,99,26,82,0,82
Colourful Tile Stickers Pack of 6 - 12 - 48 - 60 - 108 - 500 pieces for Home Decor - Walls Self Adhesive Designs ( 4.8 inch x 4.8 inch ) Designs Tiles Stickers Bathroom Kitchen Sticker Wall Art Sticker Wallpaper Border Decoration H&S,Decor,99,22,3629,0,3629
"2 PCS Magnetic Pearl Curtain Buckle Magnetic Curtain Tiebacks Convenient Drape Tie European Style Decorative Weave Rope Curtain Rings & Buckles Holder for Window Sheer Blackout Draperies, Braided Straps Ball Buckles,  Parday",Decor,498,248,203,0,203
Pack of 8 Mini Plant Artificial Decoration Piece with pot Best for home & Office Decoration purpose,Decor,899,359,392,4.6,392
Atta Wall Clock Wooden 3D Wall Clock We Are Family With Birds Numeral Quartz Hanging Watch DIY Design Decoration For Home Decor Living Room And Offices And For Gifts Piece Item | Wall Clock | Wooden Wall Clock,Decor,1000,340,65,4.5,65
Door Dust Stopper Draft & Insect 44 Inches - Under Bottom Air Seal - Twin Guard For Door and Window,Decor,250,60,19,4.5,19
Door Draft & Dust Stopper - Insect Protector - Air Stopper - Black,Decor,350,118,57,4.5,57
Wall clock replacement machine Silent/tikk tikk movement (upar wali pictures dakhyn),Decor,249,125,161,0,161
Door Draft Stoppers Brown 32 to 44 Inch Size Double Sided Draft Blocker for Door Air Stopper,Decor,100,89,311,0,311
Golden Tile Border Stickers Pack of 5 / 10 / 20 / 40 / 85 Pcs. 24x7 cm Black and Gold Pattern Design Wall Decorative Self Adhesive Tiles Stickers Bathroom Kitchen Sticker Wall Wallpaper Border Decoration,Decor,50,25,483,0,483
Black and White Pattern Design Wall Decorative Self Adhesive Tile Stickers Pack of 6 / 12 / 24 / 48 / 102 Pcs. 12x12 cm for Bathroom Kitchen Wallpaper Decoration - Gift City,Decor,50,25,2437,0,2437
"Jasmine Water Soluble Fragrance oil for Diffuser - Jasmine Fragrance Oil Humidifier Fragrance for Living Room, Car, and Office Spaces - Air Freshener",Decor,200,150,6,4.8,6
"1M length multi-functional type sealing tape for glass window model stainless steel door silicone seal / Wind Proof Sealer Stopper Twin Door Decor Protector Doorstop Draft Dodger Gap Blocker and Cold Wind Blocker ,1 inch(25mm) Width",Decor,249,85,30,0,30
Self Adhesive Black Marble Sheet for Kitchen - Anti Oil and Heat Resistant Wallpaper,Decor,334,334,22,0,22
12 Flying 3d birds wooden wall art for childs room,Decor,300,99,111,4.8,111
Tile Stickers Pack of 12 Pieces Colorful Textured Stickers for Home Decor Self Adhesive Wall Tile Sticker 4.8in by 4.8in (12 Pieces),Decor,400,24,914,0,914
Pack of (1 to 5) - Ceiling Fan Blades Cover - Silver,Decor,399,249,248,5,248
Pack of 100 - 3D Stars Glow In The Dark Wall Stickers Luminous Fluorescent Wall Stickers For Kids Baby Room Bedroom Ceiling Home Decor,Decor,199,110,1953,4.3,1953
60x200cm Glossy Marble Sheet WallPaper Waterproof Heat Resistant Self Adhesive Anti Oil Kitchen Wallpaper Marble Sheet for Kitchen White & Black Colors.,Decor,775,337,337,0,337
Tile Stickers Pack of 12 Pieces Self Adhesive Designs For Home - Room - Walls Decor  ( 4.8 inch x 4.8 inch ) Sure Shop,Decor,99,20,176,0,176
2pcs Parday Curtain Tiebacks Curtain Buckle Draperies Pearl Magnetic Rope Braided Straps Ball Buckles Rings & Buckles Holder Punch Free Curtains Hold Clips Curtain Accessories,Decor,400,221,231,4.9,231
Creative 3D Wooden Wall Clock Quartz Watch DIY Laser Cut Design Decoration Piece for Home Decor - Living Room - Offices and for Gift Items Acrylic Small and Large Counting Watch,Decor,736,299,31,0,31
Soft Kids Prayer Mat Jai Namaz For Children  Prayer Mat For Kids  Janamaz - بچوں کی جائے نماز,Decor,249,135,615,0,615
Golden Pattern Design Wall Decorative Self Adhesive Tile Stickers Pack of 6 / 12 / 24 / 48 / 102 Pcs. 12x12 cm Tiles Stickers Bathroom Kitchen Stickers Wall Wallpaper - Gift City,Decor,50,25,765,0,765
3D Golden Butterfly Mirror Wall Sticker Home Decoration (PACK OF 12),Decor,410,199,1015,4.8,1015
Pack of 2 Door Stopper with Hanging Rubber Hook Decorative Door Stops Door Wedge Stop Door Stopper for House Bedroom Office Doors Baby Safety Protection Non-Slip Door Buffer for Children,Decor,399,320,64,4.7,64
"Modern Design New Style 3D Large Wooden Wall Clock Stylish Design Home Decoration Wall Hanging Clock. New Acrylic DIY Wooden Wall Clocks For Gifts, 3D Wall Clock For Bedroom, Acrylic Wall Clock, 3D Wooden Wall Clock, 3D DIY Wall Clock,Wall Art Décor Watch",Decor,2999,299,35,4.9,35
Oud 24 hours Bakhoor,Decor,599,450,113,4.7,113
"HOMEWELL Ultrasonic Water Soluble Humidifier Fragrance Oil in 25 ML Glass Bottle used for Living Room, Car, and Office Spaces",Decor,400,299,26,0,26
Sea Breeze Fragrance Oil - Candle Making Scent - Handmade Soap- Home Diffuser Fragrance Oil,Decor,260,200,89,4.7,89
Wall Clock Replacement Machine (Movement-Sweep/Smooth),Decor,149,149,198,4.4,198
"New Style 3D Wooden Wall Clock Stylish Design Home Decoration Wall Hanging Clock. New Acrylic DIY Wooden Wall Clocks For Gifts, 3D Wall Clock For Bedroom, Acrylic Wall Clock, 3D Wooden Wall Clock Stylish Design, 3D DIY Wall Clock",Decor,1900,299,60,4.9,60
Door Air Stopper Door Bottom Seal Door Draft and Dust Stopper 40 Inch Door Insect Protector,Decor,108,95,28,5,28
"Inspired by Cool Water Fragrance oil for Aroma Oil for Diffuser | Scent oil for Humidifier and Perfumes, Candle or Soap Making | Concentrated Perfume Oil",Decor,350,350,16,0,16
"ZFT -  decoration items for home - wooden wall decoration -  Best Quality - Black Colour - Best for Bedroom ,  Drawing Room and Gifts.",Decor,199,199,0,0,0
"ZFT -  decoration items for home - wooden wall decoration -  Best Quality - Black Colour - Best for Bedroom ,  Drawing Room and Gifts.",Decor,299,299,0,0,0
Self Adhesive Rubber Door Buffer Wall Protectors Door Handle Bumpers For Door Stopper Doorstop Home Wall Stickers Silicon Door Handle Stopper,Decor,50,50,1,5,1
Coffee Fragrance Oil 10 ML - Candle Making Scent - Handmade Soap - Home Diffuser Aromatherapy Oil,Decor,300,220,117,4.6,117
Pack of 100 - 3D Stars Glow In The Dark Wall Stickers Luminous Fluorescent Wall Stickers For Kids Baby Room Bedroom Ceiling Home Decor,Decor,199,110,1953,0,1953
2pcs Parday Curtain Tiebacks Curtain Buckle Draperies Pearl Magnetic Rope Braided Straps Ball Buckles Rings & Buckles Holder Punch Free Curtains Hold Clips Curtain Accessories,Decor,400,221,231,0,231
Under Door Dust Stopper Draft 36 Inches Twin Guard & Bottom Air Noise Cooling Sealer,Decor,299,38,257,4.7,257
Golden Tile Border Stickers Pack of 5 / 10 / 20 / 40 / 85 Pcs. 24x7 cm Black and Gold Pattern Design Wall Decorative Self Adhesive Tiles Stickers Bathroom Kitchen Sticker Wall Wallpaper Border Decoration,Decor,50,25,483,4.8,483
"Side Table,Haton table (Stool)",Furniture,2700,996,149,4.7,149
Metal Frame Coffee Table/Center Table/Side Table With MDF Top 17inch x 15inch x 18.75inch (LxWxH),Furniture,5000,2950,2,0,2
Side Table stool (Haton Table),Furniture,3500,998,182,0,182
Side Tabel Haton Tabel HAF_305-(living room table),Furniture,4200,970,13,4.9,13
"Side Table Round Coffee Table (stool) , White Table",Furniture,3300,1490,61,4.8,61
Side table for room,Furniture,3500,1039,458,0,458
Side Table Haton Table (stool),Furniture,3299,999,52,0,52
Electronic Digital Kitchen Scale Digital Weight Machine Digital Weight Scale Digital Weighing Scale Digital Weighing Machine Digital Mini Scale Small Scale Weight Machine Digital Pocket Scale Table Jewelry Food Vegetable Fruit liquid Scale Weight Machine,Kitchen & Dining,1399,799,3682,0,3682
"Digital Kitchen Scale, Electronic Kitchen Weighing Scale, Digital Weighing Machine, Kitchen Scale for Fruits, Vegetables and Liquid, 1g to 10Kg Weight Machine, Mini Portable Weight Scale with LED Display, Kitchen Weight Machine for Baking, Jewelry Scale",Kitchen & Dining,1399,800,144,0,144
"Self Adhesive Aluminium Foil Sticker Sheet Roll Silver / Golden - Oil Proof, for kitchen stove, for wall, for burner, Golden, silver, foil sticker sheet roll, self adhesive Marble Sheet",Kitchen & Dining,135,135,597,0,597
Kitchen lighter LITER FOR GAS STOVE - STAINLESS STEEL - NO REFIL REQUIRED - NO BATTERIES,Kitchen & Dining,225,199,23,0,23
"be strong Stainless Steel BBQ Meat Flavor Seasoning Injector , Kitchen Tool Accessories Marinade Turkey Injector Chicken Flavor Sauces, Cooking Beef Button Kitchen Tool",Kitchen & Dining,849,499,26,0,26
Kitchen Waterproof Apron Adult Oil Resistant Cooking Overclothes Sleeveless Apron Women Cooking Baking Restaurant apron Kitchen Accessories Home Cleaning Tools,Kitchen & Dining,249,161,315,0,315
Imported Portable Electronic Digital Hook Scale Hanging Scale Fishing Scale Luggage Bag Scale Digital Pocket Scale Digital Kitchen Scale Digital Weight Machine Weight Scale Digital Weighing Scale Weighing Machine Digital Mini Small Scale Weight Machine,Kitchen & Dining,1200,599,589,0,589
"Lighter for Stove - Metallic Kitchen Lighter for Ignition with Spark No Fuel Needed,  stove lighter no refill,  Stove Later,  Stove later",Kitchen & Dining,350,199,21,4.8,21
Imported Portable Electronic Digital Hook Scale Hanging Scale Fishing Scale Luggage Bag Scale Digital Pocket Scale Digital Kitchen Scale Digital Weight Machine Weight Scale Digital Weighing Scale Weighing Machine Digital Mini Small Scale Weight Machine,Kitchen & Dining,950,499,1084,0,1084
"Stainless Steel BBQ Meat Flavor Seasoning Injector , Kitchen Tool Accessories Marinade Turkey Injector Chicken Flavor Sauces, Cooking Beef Button Kitchen Tool",Kitchen & Dining,849,430,12,0,12
Mini Garlic Slicer Household Mincing Machine Minced Hand Pull Grinder Grill Vegetable Meat Kitchen Multi Chopper Shredder Gadget,Kitchen & Dining,599,288,307,0,307
Pack Of 10 - Measuring Cups & Spoons - Black,Kitchen & Dining,399,149,158,4.7,158
Best Quality Electronic Digital Kitchen Scale Digital Weight Machine Digital Weight Scale Digital Weighing Scale Digital Weighing Machine Digital Mini Scale Small Scale Weight Machine Digital Pocket Scale Table Jewelry Vegetable Fruit Scale Weight Machine,Kitchen & Dining,1400,699,634,4.6,634
Shizi Rgb Led Strip Light Waterproof Remote Control Color Changing 3528 - Complete Kit,Lighting,1299,899,4343,4.6,4343
Wardrobe LED Tap Light One Touch Operated| Wireless LED Light | LED Lamps | Automatic Led Light for Storage Room | Soft LED Night Light for Kids Room |Self Adhesive LED Lamp for Room Décor | Under Cabinet Light | LED Closet Lamp | Storage Organizer Light,Lighting,188,138,235,0,235
"50 Watt LED Flood Light Waterproof Outdoor Cool/Warm Color For Gardens, Parking lots, Hallway, Hotels AC 220/240 Volts",Lighting,595,595,0,0,0
Ambient Sensor LED Night Light For Room with Smart Auto ON / Off Sensor Led Night Light Lamp For Kids / Led Night Bulb For Room / Night Lamp For Kids Bedroom / Cabinet / Bathroom / Hallway / Stairways or Any Dark Room Soft Brightness -220V - White,Lighting,599,175,1501,0,1501
Vanity Light LED Bulbs for Makeup Mirror Stand | 10 Bulbs with 3 Light Modes,Lighting,1320,1320,2,0,2
Automatic Sensor Light Night Color Changing Romantic Flower LED Night Lights Flower Mushroom Lamp Bedroom kids room Home LED Mushroom Night Light Lamp with Sensor LED Night Lights,Lighting,399,199,73,0,73
Fairy Lights Decoration String Light For Decoration Party Lights 20 Feet Long - Golden,Lighting,300,125,695,0,695
LED Alphabet Led letter All led Letter A TO Z Light Up Marquee Letters for Night Light Wedding Birthday Party (1 Piece ),Lighting,725,525,127,4.8,127
Fairy Lights Decoration String Light For Decoration Party Lights 20 Feet Long - Golden-Red-Green,Lighting,210,119,40,4.9,40
1 Pcs Mini Wireless 3 LED Push Touch Lamp Kitchen Cabinet Closet Night Wall Light,Lighting,500,165,162,4.8,162
50W LED Waterproof Flood Light for Pathway Lawn Landscape Garden Backyard Hotel Outdoor Garden Security Original,Lighting,999,540,66,4.7,66
Vanity Mirror Light LED Bulbs for Makeup Mirror Stand (10 Bulbs),Lighting,1700,1311,231,4.8,231
Portable Hook Led Bulb Usb Light,Lighting,150,126,48,4.8,48
"Automatic Sensor Light Night , Automatic Color Changing , Romantic Flower , LED Night Lights Flower Mushroom Lamp Bedroom kids room Home",Lighting,400,236,570,4.7,570
6 pcs LED Butterfly Night Light Color Changing Light Lamp Beautiful Home Decorative Wall Nightlights Glow In The Dark Led Butterfly Night Light Led Color Changing For Kids Room,Lighting,399,399,268,4.5,268
Night Light Star Lamp Starry Sky Projector Baby Light 360° Rotation LED Star Light Lamp Table Night Lamp with 8 Color Lights Projection Perfect Gift for Babies and Children,Lighting,1499,1049,127,4.6,127
"LED Tap Light For Kitchen Cabinet Wardrobe Sensor Light Push ON/OFF tap lights push button, led tap touch light Operates on 3AAA Battery ( Battery Not Included)",Lighting,298,199,94,0,94
New Intelligent Energy Saving Sensor Color Changing Lamp LED Night Lamp Green Plants on the Wall Romantic Colorful Home Decor Baby room,Lighting,499,250,284,4.5,284
"Portable Mini USB Led Night Light Bulbs | White & Warm | Ambient lighting Bulbs | Universal for Laptops, Power banks, Mobile Chargers & Other USB supported ports",Lighting,100,79,164,0,164
Fairy Lights Decoration String Light For Decoration Party Lights 20 Feet Long - Golden,Lighting,150,115,398,0,398
"Mittsu RGB LED Strip Lights, Color Changing LED Light Strips Kit,LED 3258 1 Roll Of 15ft, Remote Led Lights for Bedroom, Kitchen, Home Decoration",Lighting,1199,799,211,4.6,211
"3 LED Zero bulb,Night Lights alternative to Zero watt bulb multicolor flower shape and two pin plug bulb, Night Bulb - Decor Lighting Light Bulbs  (Random Colors)",Lighting,180,139,79,4.8,79
"Pach Of 1/2/3 Touch LED Battery-Powered Night Lights for Wardrobe, Closets, Cabinets, Counters & Touch Lamp for Cars",Lighting,200,175,22,4.4,22
16 Colors ||Sunset Lamp || Sunset Lamp Remote Control || Sunset Projection Lamp || 16 Colors Changing || Rainbow Sun || Led Atmosphere || Night Light,Lighting,1499,1149,82,4.5,82
"B22 to E27, Lamp Holder Converter, Pin to Screw",Lighting,109,109,16,4.8,16
"RGB Led Lights for Bedroom, 15 Feet Led Strip Lights RGB LED Strip Color changing Flexible Rope Lights with Remote Control Best Quality RGB Led Strip Light for Home Decoration Complete kit with 12V Adapter",Lighting,1100,899,275,0,275
Sewing Machine LED Light with Dimmer Control.,Lighting,790,630,108,0,108
Led tap touch light Stick-on Push Button Touch Lights | 3 LED Push Touch Lamp | Wardrobe Light | Kitchen Cabinet Closet Night Wall Light Operates on 3AAA Battery (Not Included),Lighting,316,198,130,0,130
"Battery operated Artificial plant bail fairy lights bail 10ft 30led for home, office, wedding, function decoration, Available in different shapes of leaves",Lighting,899,448,155,0,155
LED Alphabet Battery Operated All Led Letter A TO Z Price is Per Piece AA (Normal) 2 Cells Used. Light Up Marquee for Night Lights Wedding Birthday Party For Room and Decoration Using Without Electricity,Lighting,549,549,182,4.8,182
100 LED Solar Light IPR Motion Sensor Wall Light Outdoor Lighting Waterproof Garden Solar Lamp Yard Security Lamp,Lighting,1000,794,24,0,24
Chilli Milli Micro LED Fairy Lights Battery Operated - Led Lights for Room Decoration - Night lights - String Mini Led Lights for gift box decoration,Lighting,359,199,596,0,596
Shizi RGB Led Strip Light Set Remote Controlled Multicolor Strip 3528,Lighting,1299,899,741,4.5,741
"2 pieces Zero bulb, alternative to Zero watt bulb two pin plug bulb, Night Bulb - Décor Lighting Light Bulbs",Lighting,150,150,66,4.9,66
"Automatic Sensor Light Night , Automatic Color Changing , Romantic Flower , LED Night Lights Flower Mushroom Lamp Bedroom kids room Home",Lighting,600,249,47,0,47
"Automatic Sensor Light Night , Automatic Color Changing , Romantic Flower , LED Night Lights Flower Mushroom Lamp Bedroom kids room Home",Lighting,399,182,0,0,0
"Automatic Sensor Light Night , Automatic Color Changing , Romantic Flower , LED Night Lights Flower Mushroom Lamp Bedroom kids room Home",Lighting,1500,236,1,0,1
20 Feet Multi Fairy Light String - 220V For Birthday Party Wedding Eid Milad Melad Christmas Function Home Decoration,Lighting,325,148,160,0,160
Battery Operated Led Fairy Light - 30 Led'S - Warm White Color,Lighting,350,280,267,4.8,267
Disco Light Bulb Bluetooth Speaker Led RGB Changing Lamp Wireless Stereo Audio with 24 Keys Remote Control Ok Boss,Lighting,1200,785,89,4.6,89
Ambient Sensor LED Night Light For Room with Smart Auto ON / Off Sensor Led Night Light Lamp For Kids / Led Night Bulb For Room / Night Lamp For Kids Bedroom / Cabinet / Bathroom / Hallway / Stairways or Any Dark Room Soft Brightness -220V - White,Lighting,599,175,1501,4.6,1501
Vanity Mirror Light LED Bulbs for Makeup Mirror Stand (10 Bulbs),Lighting,1700,1311,231,0,231
"Automatic Sensor Light Night , Automatic Color Changing , Romantic Flower , LED Night Lights Flower Mushroom Lamp Bedroom kids room Home",Lighting,400,236,570,0,570
New Intelligent Energy Saving Sensor Color Changing Lamp LED Night Lamp Green Plants on the Wall Romantic Colorful Home Decor Baby room,Lighting,499,250,284,0,284
"Automatic Sensor Light Night , Automatic Color Changing , Romantic Flower , LED Night Lights Flower Mushroom Lamp Bedroom kids room Home",Lighting,1500,236,1,5,1
Disco Light Bulb Bluetooth Speaker Led RGB Changing Lamp Wireless Stereo Audio with 24 Keys Remote Control Ok Boss,Lighting,1200,785,89,0,89
1 Pcs Mini Wireless 3 LED Push Touch Lamp Kitchen Cabinet Closet Night Wall Light,Lighting,599,149,19,0,19
Wardrobe LED Tap Light One Touch Operated| Wireless LED Light | LED Lamps | Automatic Led Light for Storage Room | Soft LED Night Light for Kids Room |Self Adhesive LED Lamp for Room Décor | Under Cabinet Light | LED Closet Lamp | Storage Organizer Light,Lighting,188,138,235,4.4,235
LED Alphabet Led letterA TO Z Light Up Marquee Letters for Night Light Wedding Birthday Party (1 Piece ),Lighting,700,530,389,4.9,389
"LED Night Light Kitchen Cabinet Wardrobe Sensor Light Push ON/OFF Light Self Stick Lights Wireless Touch Lights Tap Touch LED Night Light, Magnetic Lights For Stairs Wardrobe and Bedroom Lights, Kitchen night light Operates on 3AAA Battery (Not Included)",Lighting,399,125,0,0,0
"Limited Offer New automatic Fashion Night Light Romantic Multi Colorful Sensor LED Mushroom Night Light Wall Lamp , mushroom lamp , mushroom night switch lamp , mushroom sensor lamp",Lighting,699,199,35,4.6,35
"Ac Cover Parachute Water Proof For Indoor & Outdoor 1 Ton, 1.5 Ton, 2 Ton",Laundry & Cleaning,450,299,81,4.7,81
Cloth Drying Stand Folding Cloth Stand Cloth Hanging stands Drying Rack Thick Rods Not Wire,Laundry & Cleaning,3250,2599,1095,0.0,1095
Fan Duster AlClean Flexible Micro Fiber Duster With Telescopic Stainless Steel Handle for Fan Cleaning Specially,Laundry & Cleaning,949,599,2,0.0,2
"Split AC Dust Cover For 1.5 ton, 1 ton and 2 ton Indoor and Out Door unit",Laundry & Cleaning,499,288,211,4.4,211
"Plastic Garbage Bag Holder, Dustbin, Towel Rack For Kitchen",Laundry & Cleaning,199,39,821,4.4,821
Plastic Cloth Hanging Rope Clothesline - 5 Meters,Laundry & Cleaning,200,94,1252,0.0,1252
Ceiling Fan Blades Cover - Grey fan cover,Laundry & Cleaning,200,90,6,5.0,6
AlClean Flexible Micro Fiber Duster With Telescopic Stainless Steel Handle for Fan Cleaning Specially,Laundry & Cleaning,1099,625,69,4.7,69
Pack of 35 Garbage Bags in High Quality Medium Size 18x24 Inches,Laundry & Cleaning,165,149,48,4.7,48
"Reusable Magic Dish washing Gloves with scrubber, Silicone Cleaning, Scrub Gloves for Wash Dish, Car Washing, Kitchen, Bathroom Multipurpose Usage (1 Pair: Right + Left Hand)",Laundry & Cleaning,899,319,1262,4.7,1262
Hanger - Plastic Hanger - Hangers Large Pack of 12 (Random Designs and Colors)),Laundry & Cleaning,650,244,160,4.8,160
high quality plastic hangers of good quality large size pack of 12,Laundry & Cleaning,300,175,216,4.5,216
"AC Dust Cover for Indoor & Outdoor Unit - 1.5, 1, 2 Ton - Grey",Laundry & Cleaning,699,215,49,4.0,49
"Over Door Hanger multipurpose with 7 Hooks, space saver , Metal Over the Door Towel Hook, Decorative Overdoor Organizers, Hanging Storage Rack for Hat, Coats, Purses, Scarves, Clothes, Jackets, Belt, Bedroom, Bathroom, Closet",Laundry & Cleaning,455,225,39,4.8,39
FRAKIN Kitchen Washing Hand cleaning Gloves waterproof gloves for Washing Dishes or Clothes household durable - Pair,Laundry & Cleaning,350,303,350,4.6,350
"Over Door Hanger with 7 Hooks Metal Over the Door Towel Hook Organizer, Hanging Storage Rack for Hat, Coats, Purses, Scarves, Clothes, Jackets, Belt, Bedroom, Bathroom, Closet",Laundry & Cleaning,800,365,1593,4.9,1593
AC Dust Cover 1.5 Ton Dawlance inverter Ac Dust cover Indoor & Outdoor unit Parachute Silver (ANS) kkk06,Laundry & Cleaning,499,399,6,4.8,6
AC Dust Cover 1.5 Ton PEL inverter Ac Dust cover Indoor & Outdoor unit Parachute Silver 100% Water Proof(ANS) kkk74,Laundry & Cleaning,499,399,5,5.0,5
Goodbye Drain Opener,Laundry & Cleaning,165,165,109,4.5,109
Ceiling Fan Duster-Flexible Ceiling Fan Duster-Microfiber Duster- Microfiber Duster with Telescopic Stainless Steel Handle-  Microfiber duster for Cleaning Ceiling FanFlexible Microfiber Duster-,Laundry & Cleaning,890,649,59,4.8,59
1.5 Ton Invertor Ac Dust Cover For Indoor & Outdoor Unit,Laundry & Cleaning,400,289,18,4.8,18
Every Season Carpet Cleaner Brush With 4 / 3 Rolling Brushes Easy Bedroom Cleaner Manual Carpet Cleaner Machine Lint Pet Hair Remover Rug Blanket Cleaner Dust Cleaner Sweeper,Laundry & Cleaning,239,208,562,0.0,562
AC Dust Cover For Indoor & Outdoor Unit - 1 Ton - 1.5 Ton - 2 Ton,Laundry & Cleaning,700,169,3,3.3,3
High Quality-Magic Silicone Gloves Scrubbing Gloves For Dishes Dishwashing With Scrubbers Dish For Kitchen Car Wash And Pet Care 1Pair,Laundry & Cleaning,650,379,24,0.0,24
4-Pack - Super Magic Changeable Clothes Pluto Plastic Hanger Space Saving Saver Wonder Closet Organizer 9 Holes Holder Cloths and Pants Hanger,Laundry & Cleaning,149,149,304,4.8,304
Garbage Bags For Dustbin  Pack Of 35 18X24Inch,Laundry & Cleaning,200,180,779,4.8,779
Pack of 2 Rolls 02 x 35 =  70 pcs Garbage Bags in High Quality Medium Size 18x24 Inches,Laundry & Cleaning,350,300,88,4.7,88
AC Dust Cover 1.5 Ton Haier inverter Ac Dust cover Indoor & Outdoor unit Parachute Silver (ANS) kkk01,Laundry & Cleaning,499,399,2,4.5,2
Pack of 5: 5 Layer Hanger - Anti-Slip Multi-Purpose and Multi-Functional Magic Multiple Layer Trousers Hanger - Multifunction Pants Closet Belt Holder Rack S-Type 5 Layers Saving Space Hangers-,Laundry & Cleaning,900,309,313,0.0,313
Anti-Slip Magic Multiple Layer Trousers Hanger Multifunction Pants Closet Belt Holder Rack S-Type 5 Layers Saving Space,Laundry & Cleaning,399,68,987,0.0,987
Pack of 4: 5 Layer Hanger - Anti-Slip Multi-Purpose and Multi-Functional Magic Multiple Layer Trousers Hanger - Multifunction Pants Closet Belt Holder Rack S-Type 5 Layers Saving Space Hangers,Laundry & Cleaning,700,254,230,0.0,230
Pack of 24 small hangers baby kids hangers in best quality in reasonable price ( 11.5 inches flexible hangers ),Laundry & Cleaning,349,262,31,4.9,31
Extra Long Washing Gloves Cleaning Warm Waterproof Rubber Glove Gift Modern,Laundry & Cleaning,499,299,113,5.0,113
Powerful Stainless Steel Cookware Cleaning Paste Household Kitchen Cleaner,Laundry & Cleaning,500,225,29,0.0,29
Caustic Soda  500 GRAM,Laundry & Cleaning,198,198,20,5.0,20
HAIER DC Inverter AC Dust Cover For Indoor & Outdoor Unit 1.5 ton,Laundry & Cleaning,439,439,36,4.6,36
"H&S Over Door Hanger with 7 Hooks Metal Over the Door Towel Hook Organizer, Hanging Storage Rack for Hat, Coats, Purses, Scarves, Clothes, Jackets, Belt, Bedroom, Bathroom, Closet",Laundry & Cleaning,350,295,81,4.5,81
AC Dust Cover 1.5 Ton Haier inverter Ac Dust cover Indoor & Outdoor unit Parachute Silver 100% Water Proof,Laundry & Cleaning,499,398,7,4.3,7
Kitchen Washing Hand cleaning Gloves waterproof gloves for Washing Dishes or Clothes household durable - Pair,Laundry & Cleaning,599,349,24,0.0,24
"ZEBAISH HOUSEHOLD Pack of 20 Clothes Peg, Strong Clips, Laundry Clips, Cloth Clips, Note Clips",Laundry & Cleaning,180,109,106,4.8,106
"Ac Cover Parachute Water Proof For Indoor & Outdoor 1 Ton, 1.5 Ton, 2 Ton",Laundry & Cleaning,450,299,81,4.7,81
Cloth Drying Stand Folding Cloth Stand Cloth Hanging stands Drying Rack Thick Rods Not Wire,Laundry & Cleaning,3250,2599,1095,0.0,1095
Fan Duster AlClean Flexible Micro Fiber Duster With Telescopic Stainless Steel Handle for Fan Cleaning Specially,Laundry & Cleaning,949,599,2,0.0,2
"Split AC Dust Cover For 1.5 ton, 1 ton and 2 ton Indoor and Out Door unit",Laundry & Cleaning,499,288,211,4.4,211
"Plastic Garbage Bag Holder, Dustbin, Towel Rack For Kitchen",Laundry & Cleaning,199,39,821,4.4,821
Plastic Cloth Hanging Rope Clothesline - 5 Meters,Laundry & Cleaning,200,94,1252,0.0,1252
Ceiling Fan Blades Cover - Grey fan cover,Laundry & Cleaning,200,90,6,5.0,6
AlClean Flexible Micro Fiber Duster With Telescopic Stainless Steel Handle for Fan Cleaning Specially,Laundry & Cleaning,1099,625,69,4.7,69
Pack of 35 Garbage Bags in High Quality Medium Size 18x24 Inches,Laundry & Cleaning,165,149,48,4.7,48
"Reusable Magic Dish washing Gloves with scrubber, Silicone Cleaning, Scrub Gloves for Wash Dish, Car Washing, Kitchen, Bathroom Multipurpose Usage (1 Pair: Right + Left Hand)",Laundry & Cleaning,899,319,1262,4.7,1262
Hanger - Plastic Hanger - Hangers Large Pack of 12 (Random Designs and Colors)),Laundry & Cleaning,650,244,160,4.8,160
high quality plastic hangers of good quality large size pack of 12,Laundry & Cleaning,300,175,216,4.5,216
"AC Dust Cover for Indoor & Outdoor Unit - 1.5, 1, 2 Ton - Grey",Laundry & Cleaning,699,215,49,4.0,49
"Over Door Hanger multipurpose with 7 Hooks, space saver , Metal Over the Door Towel Hook, Decorative Overdoor Organizers, Hanging Storage Rack for Hat, Coats, Purses, Scarves, Clothes, Jackets, Belt, Bedroom, Bathroom, Closet",Laundry & Cleaning,455,225,39,4.8,39
FRAKIN Kitchen Washing Hand cleaning Gloves waterproof gloves for Washing Dishes or Clothes household durable - Pair,Laundry & Cleaning,350,303,350,4.6,350
"Over Door Hanger with 7 Hooks Metal Over the Door Towel Hook Organizer, Hanging Storage Rack for Hat, Coats, Purses, Scarves, Clothes, Jackets, Belt, Bedroom, Bathroom, Closet",Laundry & Cleaning,800,365,1593,4.9,1593
AC Dust Cover 1.5 Ton Dawlance inverter Ac Dust cover Indoor & Outdoor unit Parachute Silver (ANS) kkk06,Laundry & Cleaning,499,399,6,4.8,6
AC Dust Cover 1.5 Ton PEL inverter Ac Dust cover Indoor & Outdoor unit Parachute Silver 100% Water Proof(ANS) kkk74,Laundry & Cleaning,499,399,5,5.0,5
Goodbye Drain Opener,Laundry & Cleaning,165,165,109,4.5,109
Ceiling Fan Duster-Flexible Ceiling Fan Duster-Microfiber Duster- Microfiber Duster with Telescopic Stainless Steel Handle-  Microfiber duster for Cleaning Ceiling FanFlexible Microfiber Duster-,Laundry & Cleaning,890,649,59,4.8,59
1.5 Ton Invertor Ac Dust Cover For Indoor & Outdoor Unit,Laundry & Cleaning,400,289,18,4.8,18
Every Season Carpet Cleaner Brush With 4 / 3 Rolling Brushes Easy Bedroom Cleaner Manual Carpet Cleaner Machine Lint Pet Hair Remover Rug Blanket Cleaner Dust Cleaner Sweeper,Laundry & Cleaning,239,208,562,0.0,562
AC Dust Cover For Indoor & Outdoor Unit - 1 Ton - 1.5 Ton - 2 Ton,Laundry & Cleaning,700,169,3,3.3,3
High Quality-Magic Silicone Gloves Scrubbing Gloves For Dishes Dishwashing With Scrubbers Dish For Kitchen Car Wash And Pet Care 1Pair,Laundry & Cleaning,650,379,24,0.0,24
4-Pack - Super Magic Changeable Clothes Pluto Plastic Hanger Space Saving Saver Wonder Closet Organizer 9 Holes Holder Cloths and Pants Hanger,Laundry & Cleaning,149,149,304,0.0,304
Garbage Bags For Dustbin  Pack Of 35 18X24Inch,Laundry & Cleaning,200,180,779,4.8,779
Pack of 2 Rolls 02 x 35 =  70 pcs Garbage Bags in High Quality Medium Size 18x24 Inches,Laundry & Cleaning,350,300,88,4.7,88
AC Dust Cover 1.5 Ton Haier inverter Ac Dust cover Indoor & Outdoor unit Parachute Silver (ANS) kkk01,Laundry & Cleaning,499,399,2,4.5,2
Pack of 5: 5 Layer Hanger - Anti-Slip Multi-Purpose and Multi-Functional Magic Multiple Layer Trousers Hanger - Multifunction Pants Closet Belt Holder Rack S-Type 5 Layers Saving Space Hangers-,Laundry & Cleaning,900,309,313,0.0,313
Anti-Slip Magic Multiple Layer Trousers Hanger Multifunction Pants Closet Belt Holder Rack S-Type 5 Layers Saving Space,Laundry & Cleaning,399,68,987,0.0,987
Pack of 4: 5 Layer Hanger - Anti-Slip Multi-Purpose and Multi-Functional Magic Multiple Layer Trousers Hanger - Multifunction Pants Closet Belt Holder Rack S-Type 5 Layers Saving Space Hangers,Laundry & Cleaning,700,254,230,0.0,230
Pack of 24 small hangers baby kids hangers in best quality in reasonable price ( 11.5 inches flexible hangers ),Laundry & Cleaning,349,262,31,4.9,31
Extra Long Washing Gloves Cleaning Warm Waterproof Rubber Glove Gift Modern,Laundry & Cleaning,499,299,113,5.0,113
Powerful Stainless Steel Cookware Cleaning Paste Household Kitchen Cleaner,Laundry & Cleaning,500,225,29,0.0,29
Caustic Soda  500 GRAM,Laundry & Cleaning,198,198,20,5.0,20
HAIER DC Inverter AC Dust Cover For Indoor & Outdoor Unit 1.5 ton,Laundry & Cleaning,439,439,36,4.6,36
"H&S Over Door Hanger with 7 Hooks Metal Over the Door Towel Hook Organizer, Hanging Storage Rack for Hat, Coats, Purses, Scarves, Clothes, Jackets, Belt, Bedroom, Bathroom, Closet",Laundry & Cleaning,350,295,81,4.5,81
AC Dust Cover 1.5 Ton Haier inverter Ac Dust cover Indoor & Outdoor unit Parachute Silver 100% Water Proof,Laundry & Cleaning,499,398,7,4.3,7
Kitchen Washing Hand cleaning Gloves waterproof gloves for Washing Dishes or Clothes household durable - Pair,Laundry & Cleaning,599,349,24,0.0,24
"ZEBAISH HOUSEHOLD Pack of 20 Clothes Peg, Strong Clips, Laundry Clips, Cloth Clips, Note Clips",Laundry & Cleaning,180,109,106,4.8,106
"Ac Cover Parachute Water Proof For Indoor & Outdoor 1 Ton, 1.5 Ton, 2 Ton",Laundry & Cleaning,450,299,81,4.7,81
Cloth Drying Stand Folding Cloth Stand Cloth Hanging stands Drying Rack Thick Rods Not Wire,Laundry & Cleaning,3250,2599,1095,0.0,1095
Fan Duster AlClean Flexible Micro Fiber Duster With Telescopic Stainless Steel Handle for Fan Cleaning Specially,Laundry & Cleaning,949,599,2,0.0,2
"Split AC Dust Cover For 1.5 ton, 1 ton and 2 ton Indoor and Out Door unit",Laundry & Cleaning,499,288,211,4.4,211
"Plastic Garbage Bag Holder, Dustbin, Towel Rack For Kitchen",Laundry & Cleaning,199,39,821,4.4,821
Plastic Cloth Hanging Rope Clothesline - 5 Meters,Laundry & Cleaning,200,94,1252,0.0,1252
Ceiling Fan Blades Cover - Grey fan cover,Laundry & Cleaning,200,90,6,5.0,6
AlClean Flexible Micro Fiber Duster With Telescopic Stainless Steel Handle for Fan Cleaning Specially,Laundry & Cleaning,1099,625,69,4.7,69
Pack of 35 Garbage Bags in High Quality Medium Size 18x24 Inches,Laundry & Cleaning,165,149,48,4.7,48
"Reusable Magic Dish washing Gloves with scrubber, Silicone Cleaning, Scrub Gloves for Wash Dish, Car Washing, Kitchen, Bathroom Multipurpose Usage (1 Pair: Right + Left Hand)",Laundry & Cleaning,899,319,1262,4.7,1262
Hanger - Plastic Hanger - Hangers Large Pack of 12 (Random Designs and Colors)),Laundry & Cleaning,650,244,160,4.8,160
high quality plastic hangers of good quality large size pack of 12,Laundry & Cleaning,300,175,216,4.5,216
"AC Dust Cover for Indoor & Outdoor Unit - 1.5, 1, 2 Ton - Grey",Laundry & Cleaning,699,215,49,4.0,49
"Over Door Hanger multipurpose with 7 Hooks, space saver , Metal Over the Door Towel Hook, Decorative Overdoor Organizers, Hanging Storage Rack for Hat, Coats, Purses, Scarves, Clothes, Jackets, Belt, Bedroom, Bathroom, Closet",Laundry & Cleaning,455,225,39,4.8,39
FRAKIN Kitchen Washing Hand cleaning Gloves waterproof gloves for Washing Dishes or Clothes household durable - Pair,Laundry & Cleaning,350,303,350,4.6,350
"Over Door Hanger with 7 Hooks Metal Over the Door Towel Hook Organizer, Hanging Storage Rack for Hat, Coats, Purses, Scarves, Clothes, Jackets, Belt, Bedroom, Bathroom, Closet",Laundry & Cleaning,800,365,1593,4.9,1593
AC Dust Cover 1.5 Ton Dawlance inverter Ac Dust cover Indoor & Outdoor unit Parachute Silver (ANS) kkk06,Laundry & Cleaning,499,399,6,4.8,6
AC Dust Cover 1.5 Ton PEL inverter Ac Dust cover Indoor & Outdoor unit Parachute Silver 100% Water Proof(ANS) kkk74,Laundry & Cleaning,499,399,5,5.0,5
Goodbye Drain Opener,Laundry & Cleaning,165,165,109,4.5,109
Ceiling Fan Duster-Flexible Ceiling Fan Duster-Microfiber Duster- Microfiber Duster with Telescopic Stainless Steel Handle-  Microfiber duster for Cleaning Ceiling FanFlexible Microfiber Duster-,Laundry & Cleaning,890,649,59,4.8,59
1.5 Ton Invertor Ac Dust Cover For Indoor & Outdoor Unit,Laundry & Cleaning,400,289,18,4.8,18
Every Season Carpet Cleaner Brush With 4 / 3 Rolling Brushes Easy Bedroom Cleaner Manual Carpet Cleaner Machine Lint Pet Hair Remover Rug Blanket Cleaner Dust Cleaner Sweeper,Laundry & Cleaning,239,208,562,0.0,562
AC Dust Cover For Indoor & Outdoor Unit - 1 Ton - 1.5 Ton - 2 Ton,Laundry & Cleaning,700,169,3,3.3,3
High Quality-Magic Silicone Gloves Scrubbing Gloves For Dishes Dishwashing With Scrubbers Dish For Kitchen Car Wash And Pet Care 1Pair,Laundry & Cleaning,650,379,24,0.0,24
4-Pack - Super Magic Changeable Clothes Pluto Plastic Hanger Space Saving Saver Wonder Closet Organizer 9 Holes Holder Cloths and Pants Hanger,Laundry & Cleaning,149,149,304,4.8,304
Garbage Bags For Dustbin  Pack Of 35 18X24Inch,Laundry & Cleaning,200,180,779,4.8,779
Pack of 2 Rolls 02 x 35 =  70 pcs Garbage Bags in High Quality Medium Size 18x24 Inches,Laundry & Cleaning,350,300,88,4.7,88
AC Dust Cover 1.5 Ton Haier inverter Ac Dust cover Indoor & Outdoor unit Parachute Silver (ANS) kkk01,Laundry & Cleaning,499,399,2,4.5,2
Pack of 5: 5 Layer Hanger - Anti-Slip Multi-Purpose and Multi-Functional Magic Multiple Layer Trousers Hanger - Multifunction Pants Closet Belt Holder Rack S-Type 5 Layers Saving Space Hangers-,Laundry & Cleaning,900,309,313,4.7,313
Anti-Slip Magic Multiple Layer Trousers Hanger Multifunction Pants Closet Belt Holder Rack S-Type 5 Layers Saving Space,Laundry & Cleaning,399,68,987,0.0,987
Pack of 4: 5 Layer Hanger - Anti-Slip Multi-Purpose and Multi-Functional Magic Multiple Layer Trousers Hanger - Multifunction Pants Closet Belt Holder Rack S-Type 5 Layers Saving Space Hangers,Laundry & Cleaning,700,254,230,0.0,230
Pack of 24 small hangers baby kids hangers in best quality in reasonable price ( 11.5 inches flexible hangers ),Laundry & Cleaning,349,262,31,4.9,31
Extra Long Washing Gloves Cleaning Warm Waterproof Rubber Glove Gift Modern,Laundry & Cleaning,499,299,113,5.0,113
Powerful Stainless Steel Cookware Cleaning Paste Household Kitchen Cleaner,Laundry & Cleaning,500,225,29,0.0,29
Caustic Soda  500 GRAM,Laundry & Cleaning,198,198,20,5.0,20
HAIER DC Inverter AC Dust Cover For Indoor & Outdoor Unit 1.5 ton,Laundry & Cleaning,439,439,36,4.6,36
"H&S Over Door Hanger with 7 Hooks Metal Over the Door Towel Hook Organizer, Hanging Storage Rack for Hat, Coats, Purses, Scarves, Clothes, Jackets, Belt, Bedroom, Bathroom, Closet",Laundry & Cleaning,350,295,81,4.5,81
AC Dust Cover 1.5 Ton Haier inverter Ac Dust cover Indoor & Outdoor unit Parachute Silver 100% Water Proof,Laundry & Cleaning,499,398,7,4.3,7
Kitchen Washing Hand cleaning Gloves waterproof gloves for Washing Dishes or Clothes household durable - Pair,Laundry & Cleaning,599,349,24,0.0,24
"ZEBAISH HOUSEHOLD Pack of 20 Clothes Peg, Strong Clips, Laundry Clips, Cloth Clips, Note Clips",Laundry & Cleaning,180,109,106,4.8,106
"Ac Cover Parachute Water Proof For Indoor & Outdoor 1 Ton, 1.5 Ton, 2 Ton",Laundry & Cleaning,450,299,81,4.7,81
Cloth Drying Stand Folding Cloth Stand Cloth Hanging stands Drying Rack Thick Rods Not Wire,Laundry & Cleaning,3250,2599,1095,0.0,1095
Fan Duster AlClean Flexible Micro Fiber Duster With Telescopic Stainless Steel Handle for Fan Cleaning Specially,Laundry & Cleaning,949,599,2,0.0,2
"Split AC Dust Cover For 1.5 ton, 1 ton and 2 ton Indoor and Out Door unit",Laundry & Cleaning,499,288,211,4.4,211
"Plastic Garbage Bag Holder, Dustbin, Towel Rack For Kitchen",Laundry & Cleaning,199,39,821,4.4,821
Plastic Cloth Hanging Rope Clothesline - 5 Meters,Laundry & Cleaning,200,94,1252,0.0,1252
Ceiling Fan Blades Cover - Grey fan cover,Laundry & Cleaning,200,90,6,5.0,6
AlClean Flexible Micro Fiber Duster With Telescopic Stainless Steel Handle for Fan Cleaning Specially,Laundry & Cleaning,1099,625,69,4.7,69
Pack of 35 Garbage Bags in High Quality Medium Size 18x24 Inches,Laundry & Cleaning,165,149,48,4.7,48
"Reusable Magic Dish washing Gloves with scrubber, Silicone Cleaning, Scrub Gloves for Wash Dish, Car Washing, Kitchen, Bathroom Multipurpose Usage (1 Pair: Right + Left Hand)",Laundry & Cleaning,899,319,1262,4.7,1262
Hanger - Plastic Hanger - Hangers Large Pack of 12 (Random Designs and Colors)),Laundry & Cleaning,650,244,160,4.8,160
high quality plastic hangers of good quality large size pack of 12,Laundry & Cleaning,300,175,216,4.5,216
"AC Dust Cover for Indoor & Outdoor Unit - 1.5, 1, 2 Ton - Grey",Laundry & Cleaning,699,215,49,4.0,49
"Over Door Hanger multipurpose with 7 Hooks, space saver , Metal Over the Door Towel Hook, Decorative Overdoor Organizers, Hanging Storage Rack for Hat, Coats, Purses, Scarves, Clothes, Jackets, Belt, Bedroom, Bathroom, Closet",Laundry & Cleaning,455,225,39,4.8,39
FRAKIN Kitchen Washing Hand cleaning Gloves waterproof gloves for Washing Dishes or Clothes household durable - Pair,Laundry & Cleaning,350,303,350,4.6,350
"Over Door Hanger with 7 Hooks Metal Over the Door Towel Hook Organizer, Hanging Storage Rack for Hat, Coats, Purses, Scarves, Clothes, Jackets, Belt, Bedroom, Bathroom, Closet",Laundry & Cleaning,800,365,1593,4.9,1593
AC Dust Cover 1.5 Ton Dawlance inverter Ac Dust cover Indoor & Outdoor unit Parachute Silver (ANS) kkk06,Laundry & Cleaning,499,399,6,4.8,6
AC Dust Cover 1.5 Ton PEL inverter Ac Dust cover Indoor & Outdoor unit Parachute Silver 100% Water Proof(ANS) kkk74,Laundry & Cleaning,499,399,5,5.0,5
Goodbye Drain Opener,Laundry & Cleaning,165,165,109,4.5,109
Ceiling Fan Duster-Flexible Ceiling Fan Duster-Microfiber Duster- Microfiber Duster with Telescopic Stainless Steel Handle-  Microfiber duster for Cleaning Ceiling FanFlexible Microfiber Duster-,Laundry & Cleaning,890,649,59,4.8,59
1.5 Ton Invertor Ac Dust Cover For Indoor & Outdoor Unit,Laundry & Cleaning,400,289,18,4.8,18
Every Season Carpet Cleaner Brush With 4 / 3 Rolling Brushes Easy Bedroom Cleaner Manual Carpet Cleaner Machine Lint Pet Hair Remover Rug Blanket Cleaner Dust Cleaner Sweeper,Laundry & Cleaning,239,208,562,0.0,562
AC Dust Cover For Indoor & Outdoor Unit - 1 Ton - 1.5 Ton - 2 Ton,Laundry & Cleaning,700,169,3,3.3,3
High Quality-Magic Silicone Gloves Scrubbing Gloves For Dishes Dishwashing With Scrubbers Dish For Kitchen Car Wash And Pet Care 1Pair,Laundry & Cleaning,650,379,24,0.0,24
4-Pack - Super Magic Changeable Clothes Pluto Plastic Hanger Space Saving Saver Wonder Closet Organizer 9 Holes Holder Cloths and Pants Hanger,Laundry & Cleaning,149,149,304,4.8,304
Garbage Bags For Dustbin  Pack Of 35 18X24Inch,Laundry & Cleaning,200,180,779,4.8,779
Pack of 2 Rolls 02 x 35 =  70 pcs Garbage Bags in High Quality Medium Size 18x24 Inches,Laundry & Cleaning,350,300,88,4.7,88
AC Dust Cover 1.5 Ton Haier inverter Ac Dust cover Indoor & Outdoor unit Parachute Silver (ANS) kkk01,Laundry & Cleaning,499,399,2,4.5,2
Pack of 5: 5 Layer Hanger - Anti-Slip Multi-Purpose and Multi-Functional Magic Multiple Layer Trousers Hanger - Multifunction Pants Closet Belt Holder Rack S-Type 5 Layers Saving Space Hangers-,Laundry & Cleaning,900,309,313,0.0,313
Anti-Slip Magic Multiple Layer Trousers Hanger Multifunction Pants Closet Belt Holder Rack S-Type 5 Layers Saving Space,Laundry & Cleaning,399,68,987,0.0,987
Pack of 4: 5 Layer Hanger - Anti-Slip Multi-Purpose and Multi-Functional Magic Multiple Layer Trousers Hanger - Multifunction Pants Closet Belt Holder Rack S-Type 5 Layers Saving Space Hangers,Laundry & Cleaning,700,254,230,0.0,230
Pack of 24 small hangers baby kids hangers in best quality in reasonable price ( 11.5 inches flexible hangers ),Laundry & Cleaning,349,262,31,4.9,31
Extra Long Washing Gloves Cleaning Warm Waterproof Rubber Glove Gift Modern,Laundry & Cleaning,499,299,113,5.0,113
Powerful Stainless Steel Cookware Cleaning Paste Household Kitchen Cleaner,Laundry & Cleaning,500,225,29,0.0,29
Caustic Soda  500 GRAM,Laundry & Cleaning,198,198,20,5.0,20
HAIER DC Inverter AC Dust Cover For Indoor & Outdoor Unit 1.5 ton,Laundry & Cleaning,439,439,36,4.6,36
"H&S Over Door Hanger with 7 Hooks Metal Over the Door Towel Hook Organizer, Hanging Storage Rack for Hat, Coats, Purses, Scarves, Clothes, Jackets, Belt, Bedroom, Bathroom, Closet",Laundry & Cleaning,350,295,81,4.5,81
AC Dust Cover 1.5 Ton Haier inverter Ac Dust cover Indoor & Outdoor unit Parachute Silver 100% Water Proof,Laundry & Cleaning,499,398,7,4.3,7
Kitchen Washing Hand cleaning Gloves waterproof gloves for Washing Dishes or Clothes household durable - Pair,Laundry & Cleaning,599,349,24,0.0,24
"ZEBAISH HOUSEHOLD Pack of 20 Clothes Peg, Strong Clips, Laundry Clips, Cloth Clips, Note Clips",Laundry & Cleaning,180,109,106,4.8,106
"Ac Cover Parachute Water Proof For Indoor & Outdoor 1 Ton, 1.5 Ton, 2 Ton",Laundry & Cleaning,450,299,81,4.7,81
Cloth Drying Stand Folding Cloth Stand Cloth Hanging stands Drying Rack Thick Rods Not Wire,Laundry & Cleaning,3250,2599,1095,0.0,1095
Fan Duster AlClean Flexible Micro Fiber Duster With Telescopic Stainless Steel Handle for Fan Cleaning Specially,Laundry & Cleaning,949,599,2,0.0,2
"Split AC Dust Cover For 1.5 ton, 1 ton and 2 ton Indoor and Out Door unit",Laundry & Cleaning,499,288,211,4.4,211
"Plastic Garbage Bag Holder, Dustbin, Towel Rack For Kitchen",Laundry & Cleaning,199,39,821,4.4,821
Plastic Cloth Hanging Rope Clothesline - 5 Meters,Laundry & Cleaning,200,94,1252,0.0,1252
Ceiling Fan Blades Cover - Grey fan cover,Laundry & Cleaning,200,90,6,5.0,6
AlClean Flexible Micro Fiber Duster With Telescopic Stainless Steel Handle for Fan Cleaning Specially,Laundry & Cleaning,1099,625,69,4.7,69
Pack of 35 Garbage Bags in High Quality Medium Size 18x24 Inches,Laundry & Cleaning,165,149,48,4.7,48
"Reusable Magic Dish washing Gloves with scrubber, Silicone Cleaning, Scrub Gloves for Wash Dish, Car Washing, Kitchen, Bathroom Multipurpose Usage (1 Pair: Right + Left Hand)",Laundry & Cleaning,899,319,1262,4.7,1262
Hanger - Plastic Hanger - Hangers Large Pack of 12 (Random Designs and Colors)),Laundry & Cleaning,650,244,160,4.8,160
high quality plastic hangers of good quality large size pack of 12,Laundry & Cleaning,300,175,216,4.5,216
"AC Dust Cover for Indoor & Outdoor Unit - 1.5, 1, 2 Ton - Grey",Laundry & Cleaning,699,215,49,4.0,49
"Over Door Hanger multipurpose with 7 Hooks, space saver , Metal Over the Door Towel Hook, Decorative Overdoor Organizers, Hanging Storage Rack for Hat, Coats, Purses, Scarves, Clothes, Jackets, Belt, Bedroom, Bathroom, Closet",Laundry & Cleaning,455,225,39,4.8,39
FRAKIN Kitchen Washing Hand cleaning Gloves waterproof gloves for Washing Dishes or Clothes household durable - Pair,Laundry & Cleaning,350,303,350,4.6,350
"Over Door Hanger with 7 Hooks Metal Over the Door Towel Hook Organizer, Hanging Storage Rack for Hat, Coats, Purses, Scarves, Clothes, Jackets, Belt, Bedroom, Bathroom, Closet",Laundry & Cleaning,800,365,1593,4.9,1593
AC Dust Cover 1.5 Ton Dawlance inverter Ac Dust cover Indoor & Outdoor unit Parachute Silver (ANS) kkk06,Laundry & Cleaning,499,399,6,4.8,6
AC Dust Cover 1.5 Ton PEL inverter Ac Dust cover Indoor & Outdoor unit Parachute Silver 100% Water Proof(ANS) kkk74,Laundry & Cleaning,499,399,5,5.0,5
Goodbye Drain Opener,Laundry & Cleaning,165,165,109,4.5,109
Ceiling Fan Duster-Flexible Ceiling Fan Duster-Microfiber Duster- Microfiber Duster with Telescopic Stainless Steel Handle-  Microfiber duster for Cleaning Ceiling FanFlexible Microfiber Duster-,Laundry & Cleaning,890,649,59,4.8,59
